name,cen_shift,cen_shift-,cen_shift+,concentration,concentration-,concentration+,lovisari2017_relaxed
SDSSXCS-1018,0.0256,0.0016,0.0017,0.2855,0.0055,0.0056,False
SDSSXCS-10223,0.0316,0.0022,0.0026,0.1876,0.0058,0.0082,False
SDSSXCS-103,0.0299,0.0024,0.0017,0.0875,0.0031,0.0028,False
SDSSXCS-10401,0.0249,0.0034,0.0033,0.1687,0.007,0.0067,False
SDSSXCS-10897,0.015,0.0044,0.0071,0.0768,0.0115,0.0129,False
SDSSXCS-110,0.0595,0.0006,0.0004,0.2315,0.0017,0.0014,False
SDSSXCS-11154,0.0228,0.0025,0.0016,0.2794,0.0064,0.0048,False
SDSSXCS-1131,0.0356,0.0056,0.0061,0.195,0.0203,0.0215,False
SDSSXCS-11331,0.0045,0.0004,0.0004,0.5347,0.0038,0.0039,True
SDSSXCS-1137,0.0053,0.0005,0.0005,0.3665,0.0024,0.0023,True
SDSSXCS-11394,0.0311,0.0051,0.0069,0.2605,0.0168,0.0143,False
SDSSXCS-11613,0.0289,0.0045,0.0039,0.1408,0.0126,0.0115,False
SDSSXCS-1174,0.0405,0.005,0.0057,0.1086,0.0116,0.0097,False
SDSSXCS-11881,0.0124,0.004,0.0042,0.3791,0.0157,0.0153,True
SDSSXCS-119,0.0424,0.0043,0.0046,0.1147,0.0089,0.0111,False
SDSSXCS-120,0.0845,0.0013,0.0012,0.1157,0.0024,0.0036,False
SDSSXCS-123,0.0115,0.0009,0.0008,0.2157,0.0025,0.0017,True
SDSSXCS-124,0.0088,0.0008,0.0008,0.1798,0.0026,0.0026,True
SDSSXCS-13,0.0309,0.0013,0.002,0.1816,0.0032,0.0035,False
SDSSXCS-134,0.0429,0.0011,0.0011,0.1937,0.0032,0.0031,False
SDSSXCS-137,0.0336,0.0009,0.0013,0.1254,0.0026,0.0032,False
SDSSXCS-14,0.0149,0.0005,0.0006,0.329,0.0022,0.0022,True
SDSSXCS-147,0.0165,0.0016,0.0015,0.1448,0.0035,0.0042,False
SDSSXCS-14715,0.0241,0.0062,0.008,0.1085,0.0128,0.0137,False
SDSSXCS-15,0.0707,0.0018,0.002,0.1395,0.0038,0.0045,False
SDSSXCS-155,0.07,0.0031,0.0035,0.07,0.0047,0.0048,False
SDSSXCS-15984,0.0049,0.0007,0.0011,0.2787,0.0028,0.0031,True
SDSSXCS-16227,0.0247,0.007,0.0079,0.1714,0.0184,0.0279,False
SDSSXCS-1628,0.0023,0.0002,0.0002,0.5404,0.0016,0.002,True
SDSSXCS-16286,0.014,0.0053,0.0065,0.1226,0.0173,0.0158,False
SDSSXCS-1645,0.0214,0.0022,0.0023,0.1903,0.0046,0.0055,False
SDSSXCS-165,0.0315,0.0039,0.004,0.1392,0.009,0.0075,False
SDSSXCS-176,0.0097,0.0025,0.0027,0.249,0.0079,0.0079,True
SDSSXCS-17923,0.0184,0.0065,0.0106,0.0569,0.0126,0.0099,False
SDSSXCS-1884,0.0085,0.0029,0.004,0.1791,0.0165,0.0175,True
SDSSXCS-189,0.105,0.0095,0.0075,0.0505,0.006,0.0082,False
SDSSXCS-19,0.0269,0.0016,0.002,0.1729,0.0063,0.0058,False
SDSSXCS-19467,0.0087,0.0021,0.0029,0.279,0.0159,0.0161,True
SDSSXCS-19922,0.012,0.0039,0.0079,0.1293,0.0192,0.0167,False
SDSSXCS-2,0.0315,0.001,0.0013,0.1595,0.0025,0.0022,False
SDSSXCS-2032,0.0039,0.0008,0.0013,0.4798,0.0054,0.0065,True
SDSSXCS-209,0.0088,0.0017,0.002,0.1893,0.0038,0.0046,True
SDSSXCS-2092,0.0441,0.0038,0.0037,0.163,0.008,0.0115,False
SDSSXCS-21,0.0839,0.0022,0.0015,0.0716,0.0022,0.0019,False
SDSSXCS-210,0.0242,0.0042,0.0052,0.1318,0.0109,0.0116,False
SDSSXCS-212,0.0184,0.003,0.0032,0.2427,0.0079,0.0101,True
SDSSXCS-21847,0.0307,0.0031,0.0034,0.3148,0.0112,0.0152,False
SDSSXCS-22,0.0067,0.0005,0.0006,0.3104,0.0021,0.0024,True
SDSSXCS-225,0.0286,0.0021,0.0025,0.0725,0.0024,0.0035,False
SDSSXCS-226,0.014,0.0013,0.0015,0.2034,0.0042,0.0034,True
SDSSXCS-22748,0.0189,0.0051,0.0057,0.2511,0.0226,0.0201,True
SDSSXCS-2282,0.017,0.0049,0.0045,0.1487,0.012,0.0091,False
SDSSXCS-2288,0.0061,0.0004,0.0004,0.5251,0.0027,0.0032,True
SDSSXCS-23,0.028,0.0029,0.0028,0.159,0.006,0.0058,False
SDSSXCS-2346,0.028,0.0102,0.0115,0.0979,0.0196,0.0242,False
SDSSXCS-2347,0.0076,0.0019,0.0024,0.1591,0.0063,0.0082,True
SDSSXCS-236,0.0045,0.0009,0.0012,0.1403,0.0047,0.0038,False
SDSSXCS-239,0.0166,0.0013,0.0014,0.2563,0.005,0.0056,True
SDSSXCS-241,0.2608,0.0113,0.0108,0.0788,0.0062,0.0064,False
SDSSXCS-2588,0.0174,0.007,0.0106,0.1012,0.0191,0.0179,False
SDSSXCS-26424,0.0082,0.0023,0.0034,0.0707,0.0067,0.009,False
SDSSXCS-2789,0.0045,0.0008,0.0008,0.2724,0.003,0.003,True
SDSSXCS-28269,0.0692,0.017,0.0145,0.082,0.0233,0.0308,False
SDSSXCS-2836,0.0033,0.001,0.0012,0.4627,0.0046,0.006,True
SDSSXCS-286,0.0315,0.0054,0.0046,0.2385,0.0067,0.0078,False
SDSSXCS-28849,0.0149,0.0044,0.0047,0.1407,0.0209,0.0196,False
SDSSXCS-29,0.0121,0.0009,0.001,0.2857,0.003,0.0025,True
SDSSXCS-290,0.0146,0.0033,0.0027,0.2699,0.0129,0.0109,True
SDSSXCS-29799,0.0272,0.0102,0.0118,0.1293,0.0189,0.0149,False
SDSSXCS-298,0.0171,0.001,0.001,0.216,0.0023,0.0028,True
SDSSXCS-2984,0.044,0.003,0.0032,0.0669,0.0036,0.0044,False
SDSSXCS-3,0.003,0.0003,0.0002,0.3561,0.0016,0.0014,True
SDSSXCS-309,0.014,0.0025,0.0018,0.2471,0.0079,0.0084,True
SDSSXCS-30950,0.0448,0.0065,0.0086,0.0826,0.0127,0.0133,False
SDSSXCS-31,0.0204,0.0012,0.001,0.1613,0.0023,0.0022,True
SDSSXCS-31144,0.0174,0.0048,0.0043,0.0816,0.0084,0.0105,False
SDSSXCS-314,0.0525,0.0035,0.0031,0.0866,0.0055,0.005,False
SDSSXCS-32,0.0131,0.0029,0.0025,0.1434,0.0084,0.0088,False
SDSSXCS-325,0.0223,0.0031,0.0033,0.1633,0.0081,0.0077,False
SDSSXCS-3312,0.0098,0.0013,0.0014,0.3368,0.0108,0.0113,True
SDSSXCS-34,0.0142,0.0033,0.0031,0.1818,0.0081,0.0111,True
SDSSXCS-35,0.0791,0.0022,0.0013,0.1043,0.0031,0.0022,False
SDSSXCS-35404,0.0218,0.0066,0.0079,0.1777,0.022,0.0242,False
SDSSXCS-3672,0.0103,0.0025,0.0031,0.1348,0.0098,0.0117,False
SDSSXCS-3746,0.0473,0.0015,0.0015,0.2104,0.0043,0.0047,False
SDSSXCS-382,0.0067,0.0012,0.0011,0.2305,0.0058,0.0071,True
SDSSXCS-395,0.0099,0.0016,0.0018,0.1899,0.005,0.0052,True
SDSSXCS-4003,0.0177,0.0011,0.0014,0.3037,0.0057,0.0048,True
SDSSXCS-408,0.0087,0.0002,0.0001,0.3109,0.0008,0.0007,True
SDSSXCS-41,0.0047,0.001,0.0011,0.2347,0.0031,0.005,True
SDSSXCS-4245,0.0266,0.0029,0.0031,0.2317,0.0068,0.0084,False
SDSSXCS-43,0.0073,0.0002,0.0002,0.425,0.0008,0.0006,True
SDSSXCS-4313,0.0446,0.0019,0.0019,0.244,0.0052,0.0058,False
SDSSXCS-455,0.012,0.0021,0.0026,0.3054,0.0079,0.0083,True
SDSSXCS-457,0.0158,0.0013,0.0012,0.1649,0.0037,0.0041,True
SDSSXCS-47,0.0831,0.0033,0.004,0.1994,0.0109,0.0118,False
SDSSXCS-474,0.0264,0.0043,0.0038,0.1284,0.0079,0.0069,False
SDSSXCS-480,0.0046,0.0003,0.0003,0.4813,0.0016,0.0015,True
SDSSXCS-487,0.02,0.0029,0.0031,0.1332,0.0052,0.0055,False
SDSSXCS-5,0.0107,0.0007,0.0007,0.2889,0.0032,0.0033,True
SDSSXCS-5020,0.0137,0.0021,0.0025,0.2297,0.0123,0.0072,True
SDSSXCS-51,0.0083,0.0019,0.0019,0.3034,0.0071,0.0085,True
SDSSXCS-5159,0.0036,0.0007,0.001,0.2906,0.0059,0.0045,True
SDSSXCS-5225,0.005,0.0004,0.0007,0.5161,0.0057,0.0055,True
SDSSXCS-55,0.0247,0.0009,0.001,0.1494,0.0018,0.0024,False
SDSSXCS-5527,0.0116,0.0011,0.0013,0.2712,0.0043,0.0036,True
SDSSXCS-5624,0.0592,0.0107,0.0101,0.0991,0.0178,0.017,False
SDSSXCS-572,0.0016,0.0002,0.0003,0.5072,0.0031,0.0034,True
SDSSXCS-574,0.0145,0.0012,0.0011,0.3508,0.0054,0.0052,True
SDSSXCS-5743,0.0303,0.0056,0.0066,0.1476,0.0147,0.014,False
SDSSXCS-575,0.0266,0.0036,0.0037,0.2148,0.0078,0.0094,False
SDSSXCS-5830,0.04,0.0044,0.003,0.2097,0.0104,0.0118,False
SDSSXCS-586,0.0647,0.0097,0.0117,0.0648,0.0157,0.0209,False
SDSSXCS-58896,0.14,0.0395,0.042,0.0594,0.0288,0.0277,False
SDSSXCS-593,0.0202,0.0019,0.0024,0.1744,0.0044,0.0052,True
SDSSXCS-5939,0.0415,0.0037,0.0033,0.193,0.0104,0.0084,False
SDSSXCS-5977,0.0131,0.004,0.0049,0.1789,0.0185,0.0165,True
SDSSXCS-6,0.0194,0.0018,0.0017,0.181,0.0035,0.0047,True
SDSSXCS-608,0.0316,0.0042,0.006,0.0878,0.0083,0.0089,False
SDSSXCS-617,0.0152,0.0049,0.0056,0.1118,0.0116,0.0129,False
SDSSXCS-62,0.0447,0.0032,0.004,0.0863,0.0068,0.0058,False
SDSSXCS-6245,0.0127,0.0032,0.0046,0.1671,0.0117,0.0125,True
SDSSXCS-6307,0.0153,0.0043,0.0064,0.1397,0.0095,0.0083,False
SDSSXCS-64824,0.011,0.0035,0.0031,0.2424,0.0135,0.0077,True
SDSSXCS-65,0.085,0.0006,0.0008,0.2041,0.0019,0.0014,False
SDSSXCS-667,0.0125,0.0002,0.0002,0.4598,0.0006,0.001,True
SDSSXCS-68,0.0843,0.0017,0.0013,0.1398,0.0033,0.0035,False
SDSSXCS-6955,0.0154,0.0041,0.0047,0.1745,0.013,0.0139,True
SDSSXCS-71,0.0313,0.0011,0.0014,0.1508,0.0039,0.0043,False
SDSSXCS-7190,0.0199,0.0065,0.0086,0.1322,0.0158,0.0216,False
SDSSXCS-7247,0.0253,0.01,0.011,0.0857,0.0156,0.0158,False
SDSSXCS-7405,0.0309,0.003,0.0032,0.0992,0.007,0.0056,False
SDSSXCS-7416,0.0229,0.0033,0.0051,0.1176,0.0088,0.0099,False
SDSSXCS-7432,0.0075,0.0028,0.002,0.3445,0.0107,0.008,True
SDSSXCS-75,0.0687,0.0073,0.0056,0.0777,0.0074,0.0077,False
SDSSXCS-765,0.0222,0.0032,0.004,0.2038,0.0108,0.0145,False
SDSSXCS-7783,0.0019,0.0003,0.0004,0.4813,0.0046,0.0046,True
SDSSXCS-78,0.0066,0.0004,0.0004,0.3932,0.0017,0.0016,True
SDSSXCS-8060,0.0099,0.0011,0.001,0.3613,0.005,0.0038,True
SDSSXCS-8366,0.029,0.0082,0.0097,0.1489,0.0136,0.0177,False
SDSSXCS-852,0.0226,0.0018,0.0023,0.1009,0.0033,0.0038,False
SDSSXCS-890,0.02,0.0016,0.002,0.2658,0.0067,0.0061,True
SDSSXCS-893,0.0441,0.0059,0.0046,0.0815,0.0096,0.0144,False
SDSSXCS-9,0.014,0.0039,0.0032,0.2146,0.0135,0.0144,True
SDSSXCS-907,0.049,0.002,0.0033,0.1257,0.0054,0.0042,False
SDSSXCS-913,0.0117,0.0036,0.0048,0.1714,0.0117,0.0125,True
SDSSXCS-9258,0.0196,0.0032,0.0036,0.1027,0.0072,0.0086,False
SDSSXCS-9313,0.043,0.0034,0.003,0.1543,0.0051,0.005,False
SDSSXCS-944,0.0484,0.0035,0.0025,0.1141,0.0068,0.0065,False
SDSSXCS-9803,0.0023,0.001,0.0009,0.5145,0.0051,0.0039,True
