name,ra,dec,z,r500,r500+-,Mg500,Mg500+-,Mhy500,Mhy500+-,Lx0124_500,Lx0124_500+-,Lx0124_500ce,Lx0124_500ce+-,Tx_500ce,Tx_500ce+-
Abell 2256,256.0095833333334,78.63722222222222,0.0581,1.33,0.08,0.82,0.09,7.2,1.0,4.6,0.4,3.46,0.32,6.9,0.16
Abell 1795,207.22125,26.593888888888888,0.0622,1.22,0.06,0.63,0.07,5.5,0.8,6.0,0.4,2.48,0.16,6.14,0.1
Abell 401,44.73833333333333,13.579444444444444,0.0743,1.49,0.08,1.16,0.15,10.1,1.6,6.8,0.4,4.45,0.29,7.72,0.3
Abell 2029,227.73291666666665,5.745555555555556,0.0779,1.45,0.07,1.07,0.13,9.3,1.4,10.6,1.0,4.14,0.39,8.22,0.16
Abell 2255,258.2083333333333,64.06194444444445,0.0809,1.24,0.08,0.67,0.1,5.9,1.0,2.9,0.3,2.39,0.22,6.42,0.16
Abell 478,63.355000000000004,10.466666666666667,0.0881,1.48,0.08,1.15,0.15,10.1,1.6,13.3,1.2,4.88,0.47,7.96,0.27
Abell 2142,239.58791666666667,27.229166666666668,0.0904,1.64,0.08,1.59,0.19,13.9,2.1,12.4,0.6,6.43,0.35,10.04,0.26
Abell 2244,255.67500000000004,34.05666666666667,0.0989,1.25,0.07,0.7,0.11,6.2,1.1,5.2,0.5,2.72,0.27,5.37,0.12
Abell 2034,227.5525,33.5125,0.113,1.28,0.07,0.77,0.1,6.7,1.0,4.0,0.4,2.88,0.27,7.15,0.32
Abell 1068,160.18499999999997,39.95361111111111,0.1386,1.04,0.05,0.43,0.06,3.7,0.6,5.6,0.5,1.78,0.18,3.87,0.12
Abell 2204,248.1966666666667,5.575833333333334,0.1511,1.46,0.07,1.18,0.14,10.3,1.5,17.9,1.6,5.3,0.52,8.55,0.58
Abell 2218,248.97083333333333,66.21,0.171,1.28,0.09,0.82,0.12,7.2,1.2,5.1,0.5,3.35,0.32,6.97,0.37
Abell 1914,216.50416666666666,37.82694444444444,0.1712,1.46,0.1,1.21,0.14,10.6,1.5,11.3,1.0,5.44,0.55,9.48,0.49
Abell 665,127.74208333333337,65.85055555555556,0.1818,1.55,0.07,1.46,0.16,12.7,1.8,8.6,0.8,5.65,0.52,8.03,0.24
Abell 520,73.5375,2.921666666666667,0.203,1.5,0.08,1.37,0.15,11.9,1.6,8.4,0.3,6.41,0.2,7.23,0.23
Abell 963,154.265,39.047777777777775,0.206,1.25,0.06,0.78,0.1,6.8,1.0,6.5,0.2,3.47,0.15,6.08,0.3
RX J0439.0+0520,69.75916666666666,5.345,0.208,0.92,0.05,0.31,0.04,2.7,0.5,4.4,0.1,1.56,0.06,4.96,0.54
Abell 1423,179.3225,33.611111111111114,0.213,1.35,0.1,1.0,0.2,8.7,2.0,6.2,0.4,3.97,0.24,5.75,0.59
Zwicky 2701,148.20499999999998,51.885,0.214,1.04,0.06,0.46,0.07,4.0,0.7,4.5,0.2,1.79,0.11,6.75,0.54
Abell 773,139.46958333333333,51.72666666666667,0.217,1.34,0.06,0.98,0.1,8.6,1.1,7.5,0.2,4.77,0.15,7.37,0.45
Abell 2261,260.6125,32.132777777777775,0.224,1.59,0.09,1.65,0.25,14.4,2.6,12.0,0.4,5.63,0.23,6.1,0.32
Abell 1682,196.71125,46.55833333333333,0.226,1.5,0.13,1.41,0.34,12.4,3.2,6.5,0.7,4.96,0.61,7.01,2.14
Abell 1763,203.82916666666665,40.999722222222225,0.2279,1.67,0.11,1.94,0.33,17.0,3.4,10.5,0.6,7.29,0.39,6.32,0.4
Abell 2219,250.08458333333337,46.70833333333334,0.2281,1.74,0.08,2.16,0.23,18.9,2.5,15.5,0.8,9.58,0.53,10.9,0.53
Abell 2111,234.92125,34.41861111111111,0.229,1.28,0.11,0.88,0.2,7.8,1.9,5.0,0.3,3.61,0.22,6.51,0.72
Zwicky 5247,188.59208333333333,9.784722222222221,0.229,1.31,0.14,0.94,0.18,8.2,1.8,4.3,0.3,3.74,0.24,5.31,1.07
Abell 267,28.175833333333333,1.0083333333333333,0.23,1.22,0.07,0.76,0.1,6.6,1.1,5.8,0.2,3.36,0.16,7.13,0.71
Abell 2390,328.4045833333333,17.695833333333333,0.2329,1.61,0.07,1.73,0.17,15.2,1.9,17.3,0.5,8.69,0.29,10.28,0.38
Zwicky 2089,135.15333333333334,20.894444444444446,0.2347,0.95,0.04,0.35,0.04,3.1,0.4,5.8,0.3,1.7,0.13,6.55,1.47
RX J2129.6+0005,322.41541666666666,0.08833333333333333,0.235,1.28,0.07,0.88,0.12,7.7,1.2,9.9,0.5,4.17,0.27,6.34,0.62
RX J0439.0+0715,69.7525,7.266666666666667,0.2443,1.27,0.06,0.85,0.1,7.4,1.0,8.1,0.3,4.22,0.16,6.59,0.45
Abell 1835,210.25791666666666,2.8777777777777778,0.2528,1.49,0.06,1.41,0.12,12.3,1.4,21.1,0.6,6.73,0.23,9.0,0.25
Abell 68,9.274583333333332,9.16,0.2546,1.27,0.07,0.87,0.12,7.6,1.2,6.9,0.4,4.42,0.27,7.56,0.97
MS J1455.0+2232,224.31291666666667,22.3425,0.2578,1.19,0.06,0.71,0.09,6.2,1.0,11.0,0.3,3.13,0.12,4.54,0.16
Abell 697,130.73999999999998,36.365833333333335,0.282,1.65,0.09,1.96,0.27,17.1,2.9,14.4,0.8,8.95,0.5,10.93,1.11
Zwicky 3146,155.91500000000002,4.1866666666666665,0.2906,1.35,0.06,1.08,0.1,9.4,1.2,19.1,0.7,5.82,0.26,8.38,0.44
Abell 781,140.10541666666668,30.503055555555555,0.2984,1.26,0.07,0.9,0.14,7.9,1.4,6.0,0.4,5.1,0.32,7.55,1.03
Abell 3558,201.99333333333337,-31.50111111111111,0.048,1.28,0.1,0.73,0.09,6.4,1.0,3.7,0.3,2.6,0.24,5.51,0.1
Abell 85,10.45875,-9.306111111111111,0.0557,1.33,0.06,0.82,0.09,7.2,1.0,5.7,0.4,3.04,0.2,6.45,0.1
Abell 3667,303.13,-56.82972222222222,0.0557,1.57,0.1,1.35,0.21,11.8,2.2,5.8,0.5,4.38,0.4,6.33,0.06
Abell 3266,67.83958333333332,-61.43916666666667,0.0602,1.45,0.07,1.06,0.13,9.2,1.4,4.9,0.3,3.77,0.24,8.63,0.18
Abell 3112,49.4925,-44.235277777777775,0.0752,1.1,0.05,0.47,0.06,4.1,0.6,4.4,0.4,1.73,0.16,4.28,0.09
Abell 2597,351.33166666666665,-12.12416666666667,0.0852,0.97,0.06,0.33,0.05,2.9,0.5,4.3,0.4,1.29,0.13,3.58,0.07
Abell 3921,342.4875,-64.43138888888889,0.094,1.2,0.09,0.62,0.09,5.4,0.9,3.1,0.3,2.23,0.21,5.07,0.17
MS J1111.8,168.55291666666665,-38.19027777777778,0.1306,1.12,0.09,0.52,0.07,4.5,0.7,3.2,0.3,2.29,0.22,5.79,0.22
Abell 1689,197.87333333333333,-1.3411111111111111,0.1832,1.45,0.07,1.21,0.14,10.5,1.5,13.6,1.2,5.72,0.57,9.15,0.35
Abell 2163,243.94166666666666,-6.148333333333333,0.203,2.22,0.1,4.4,0.45,38.5,5.0,28.7,1.1,17.77,0.67,12.27,0.9
Abell 209,22.971249999999998,-13.613333333333333,0.206,1.53,0.08,1.44,0.18,12.6,1.9,8.6,0.3,5.8,0.22,8.23,0.66
RX J1504.1_0248,226.03166666666667,-2.8044444444444445,0.2153,1.46,0.06,1.25,0.13,11.0,1.4,27.6,1.0,5.74,0.26,8.0,0.44
RX J0304.1_3656,46.01375,-36.94166666666668,0.2192,1.07,0.07,0.51,0.08,4.4,0.9,3.0,0.2,2.05,0.12,6.27,0.76
RX J0237.4_2630,39.36416666666666,-26.50777777777778,0.2216,1.16,0.08,0.65,0.11,5.6,1.1,5.6,0.3,2.59,0.18,6.65,1.26
Abell 2667,357.91541666666666,-26.083333333333336,0.2264,1.36,0.07,1.03,0.14,9.0,1.5,12.6,0.6,4.97,0.31,7.58,0.73
RX J0638.7_5358,99.69708333333332,-53.974444444444444,0.2266,1.42,0.06,1.18,0.13,10.3,1.4,11.2,0.6,5.48,0.31,9.45,0.95
RX J0220.9_3829,35.235416666666666,-38.48111111111111,0.228,1.07,0.08,0.5,0.11,4.4,1.1,4.0,0.2,2.09,0.13,5.17,0.53
Abell 521,73.53083333333333,-10.223333333333333,0.2475,1.46,0.07,1.31,0.16,11.4,1.7,7.1,0.3,5.8,0.21,6.21,0.28
RX J0307.0_2840,46.75833333333333,-28.665555555555557,0.2537,1.28,0.07,0.9,0.13,7.8,1.4,7.3,0.4,3.73,0.22,9.6,1.49
RX J2011.3_5725,302.86333333333334,-57.419444444444444,0.2786,0.95,0.07,0.37,0.07,3.3,0.7,3.8,0.2,1.67,0.12,3.23,0.34
RX J0232.2_4420,38.07375,-44.34861111111111,0.2836,1.49,0.1,1.45,0.25,12.7,2.5,13.3,0.7,6.57,0.44,10.06,2.31
RX J0528.9_3927,82.22208333333333,-39.471944444444446,0.2839,1.52,0.07,1.52,0.17,13.3,1.8,11.6,0.6,6.92,0.39,7.8,0.85
RX J0043.4_2037,10.853333333333335,-20.623333333333335,0.2924,1.28,0.07,0.92,0.14,8.1,1.4,7.7,0.4,4.75,0.29,7.59,0.77
1ES 0657_558,104.61458333333334,-55.94222222222222,0.2965,1.81,0.07,2.61,0.24,22.8,2.8,21.7,0.3,13.61,0.26,11.7,0.22
Abell 2537,347.09166666666664,-2.191666666666667,0.2966,1.23,0.06,0.82,0.11,7.2,1.1,6.4,0.4,3.87,0.29,7.63,0.86
MACS J2245.0+2637,341.26916666666665,26.634444444444444,0.301,1.08,0.07,0.56,0.1,4.9,1.0,7.6,0.4,3.09,0.24,5.47,0.58
MACS J1131.8_1955,172.98166666666668,-19.929166666666667,0.306,1.69,0.09,2.16,0.28,18.9,2.9,13.1,0.7,8.48,0.49,9.35,1.67
MACS J0014.3_3022,3.578333333333333,-30.388333333333332,0.308,1.65,0.07,2.01,0.21,17.6,2.3,13.6,0.4,10.07,0.28,8.53,0.37
MACS J2140.2_2339,325.06333333333333,-23.66111111111111,0.313,1.06,0.04,0.54,0.05,4.7,0.6,11.1,0.4,2.9,0.13,4.67,0.43
MACS J0242.5_2132,40.64958333333334,-21.540555555555557,0.314,1.25,0.07,0.88,0.13,7.7,1.3,14.2,0.8,3.64,0.27,4.99,0.77
MACS J1427.6_2521,216.91458333333338,-25.350833333333334,0.318,0.94,0.06,0.37,0.06,3.3,0.6,4.1,0.2,1.74,0.09,4.86,0.57
MACS J0547.0_3904,86.75625,-39.07388888888889,0.319,1.02,0.07,0.49,0.1,4.3,1.1,6.4,0.4,2.63,0.17,4.66,0.53
MACS J0257.6_2209,44.42208333333333,-22.15361111111111,0.322,1.23,0.06,0.86,0.1,7.5,1.1,7.0,0.4,3.73,0.22,7.01,0.88
MACS J2049.9_3217,312.48041666666666,-32.280277777777776,0.323,1.18,0.06,0.75,0.1,6.6,1.0,6.1,0.3,3.71,0.23,8.12,1.18
MACS J2229.7_2755,337.4383333333333,-27.926666666666666,0.324,1.11,0.06,0.63,0.08,5.5,0.8,10.0,0.4,2.96,0.15,5.81,0.68
MACS J1319.9+7003,200.03125,70.07694444444445,0.327,1.06,0.06,0.55,0.09,4.8,0.9,4.2,0.3,2.66,0.2,8.4,2.41
MACS J0520.7_1328,80.17583333333334,-13.479722222222222,0.336,1.16,0.06,0.73,0.09,6.3,0.9,7.9,0.4,4.03,0.27,6.5,0.84
MACS J1931.8_2634,292.9566666666667,-26.57611111111111,0.352,1.34,0.07,1.14,0.15,9.9,1.6,19.7,1.0,5.62,0.41,7.47,1.4
MACS J0035.4_2015,8.859166666666667,-20.262777777777778,0.352,1.35,0.07,1.17,0.15,10.2,1.6,11.9,0.6,6.36,0.42,7.29,0.66
MACS J0947.2+7623,146.80416666666667,76.38722222222222,0.354,1.27,0.07,0.97,0.13,8.5,1.3,20.0,1.0,4.54,0.34,9.46,2.14
MACS J1115.8+0129,168.96625,1.4986111111111111,0.355,1.28,0.06,0.99,0.11,8.6,1.2,14.5,0.5,5.43,0.25,9.2,0.98
MACS J0308.9+2645,47.233333333333334,26.759722222222223,0.356,1.58,0.08,1.87,0.23,16.4,2.4,14.7,0.9,8.43,0.57,9.97,1.05
MACS J0404.6+1109,61.136250000000004,11.136388888888888,0.352,1.17,0.11,0.78,0.22,6.8,2.1,4.3,0.6,3.69,0.45,7.66,2.79
MACS J1532.8+3021,233.2241666666667,30.349722222222223,0.363,1.31,0.08,1.08,0.17,9.5,1.7,19.8,0.7,5.16,0.27,6.83,1.0
MACS J0011.7_1523,2.9283333333333337,-15.389444444444445,0.379,1.19,0.06,0.83,0.1,7.2,1.1,8.9,0.3,4.25,0.19,6.8,0.61
MACS J0949.8+1708,147.46583333333336,17.11888888888889,0.384,1.38,0.09,1.3,0.22,11.3,2.3,10.6,0.6,6.23,0.41,8.92,1.83
MACS J1720.2+3536,260.0695833333334,35.60638888888889,0.387,1.14,0.07,0.72,0.11,6.3,1.1,10.2,0.4,4.31,0.2,7.9,0.74
MACS J1731.6+2252,262.91333333333336,22.86388888888889,0.389,1.43,0.17,1.47,0.25,12.8,2.4,9.3,0.5,7.42,0.43,5.87,0.61
MACS J2211.7_0349,332.94125,-3.828333333333333,0.396,1.61,0.07,2.06,0.23,18.1,2.5,24.0,1.2,10.15,0.63,13.97,2.74
MACS J0429.6_0253,67.39999999999999,-2.885,0.399,1.1,0.05,0.66,0.08,5.8,0.8,10.9,0.6,3.91,0.25,8.33,1.58
MACS J0159.8_0849,29.95583333333333,-8.833333333333334,0.407,1.35,0.06,1.23,0.13,10.8,1.4,16.0,0.6,6.53,0.28,9.11,0.68
MACS J2228.5+2036,337.1366666666667,20.620833333333334,0.411,1.49,0.07,1.68,0.21,14.7,2.2,13.3,0.7,8.63,0.49,7.36,0.82
MACS J0152.5_2852,28.141250000000003,-28.8925,0.413,1.21,0.11,0.9,0.23,7.9,2.2,8.6,0.5,5.02,0.37,4.71,0.49
MACS J1206.2_0847,181.55125,-8.801666666666668,0.439,1.61,0.08,2.19,0.29,19.2,3.0,21.1,1.1,10.55,0.64,10.71,1.29
MACS J0417.5_1154,64.39291666666666,-11.9075,0.443,1.69,0.07,2.53,0.25,22.1,2.7,29.1,1.5,15.29,0.94,9.49,1.12
MACS J2243.3_0935,340.8391666666667,-9.595277777777778,0.447,1.56,0.07,1.98,0.24,17.4,2.5,15.2,0.8,11.56,0.67,8.24,0.92
MACS J1347.5_1144,206.87833333333336,-11.752500000000001,0.451,1.67,0.08,2.48,0.27,21.7,3.0,42.2,1.1,11.47,0.35,10.75,0.83
MACS J0358.8_2955,59.71333333333334,-29.92277777777778,0.425,1.5,0.19,1.81,0.47,15.8,4.6,18.9,1.2,,9.87,1.21,
MACS J2311.5+0338,347.89708333333334,3.640277777777778,0.305,1.64,0.13,1.98,0.42,17.4,4.1,12.9,1.0,,8.25,1.26,
