name,mantz_ra,mantz_dec,z,Mg500,Mg500+-,redmapper_ID,redmapper_NAME,redmapper_ra,redmapper_dec,Z_LAMBDA,Z_LAMBDA_ERR,LAMBDA,LAMBDA_ERR,S,Z_SPEC,OBJID,IMAG,IMAG_ERR,MODEL_MAG_U,MODEL_MAGERR_U,MODEL_MAG_G,MODEL_MAGERR_G,MODEL_MAG_R,MODEL_MAGERR_R,MODEL_MAG_I,MODEL_MAGERR_I,MODEL_MAG_Z,MODEL_MAGERR_Z,ILUM,P_CEN,RA_CEN,DEC_CEN,ID_CEN,PZBINS,PZ
Abell 2142,239.58791666666667,27.229166666666668,0.0904,1.59,0.19,1,RMJ155820.0+271400.3,239.5833290688836,27.233412917827273,0.09483067,0.004581776,169.83784,4.1870255,1.0113665,0.09080672,1237662340012638224,0.0,0.0,17.76729,0.049571823,15.414802,0.0037844528,14.3970995,0.0027201786,13.97824,0.0026982713,13.619685,0.0051517654,115.149506,"(0.87483835, 0.12514694, 1.3188495E-5, 1.0466367E-6, 5.368429E-7)","(239.58333, 239.5554, 239.60272, 239.52678, 239.55963)","(27.233414, 27.248121, 27.229519, 27.274109, 27.272102)","(25404293, 25403990, 25404292, 25404032, 25404056)","(0.06894211, 0.07153096, 0.07411982, 0.076708674, 0.079297535, 0.08188639, 0.08447525, 0.0870641, 0.089652956, 0.092241816, 0.09483067, 0.09741953, 0.10000838, 0.10259724, 0.10518609, 0.10777494, 0.11036381, 0.112952664, 0.11554152, 0.11813037, 0.120719224)","(6.6654225E-6, 1.761979E-4, 0.0023823027, 0.03163892, 0.23194079, 1.5463539, 6.1498165, 20.581387, 44.371845, 71.69584, 87.1563, 76.3236, 46.574085, 22.104368, 6.767146, 1.7394874, 0.2669927, 0.037152253, 0.0028593452, 2.1519138E-4, 8.297843E-6)"
Abell 2244,255.67500000000004,34.05666666666667,0.0989,0.7,0.11,95,RMJ170245.5+340340.1,255.68977356092518,34.06114958028094,0.09674991,0.0047503286,85.5236,2.874893,1.0069835,0.09321232,1237655474508857358,0.0,0.0,18.617104,0.038662393,16.740501,0.0046900827,15.69346,0.0031701934,15.248405,0.0030781075,14.984355,0.0062816376,50.13287,"(0.9427599, 0.056957636, 2.0289236E-4, 6.589542E-5, 1.37794705E-5)","(255.68977, 255.62807, 255.62962, 255.65076, 255.64171)","(34.06115, 34.041893, 34.03902, 34.088512, 34.078114)","(8976346, 8976378, 8976379, 8976225, 8976238)","(0.06978572, 0.07248214, 0.075178556, 0.07787497, 0.0805714, 0.083267815, 0.08596423, 0.08866065, 0.09135707, 0.09405349, 0.09674991, 0.09944633, 0.10214275, 0.10483916, 0.107535586, 0.110231996, 0.11292842, 0.115624845, 0.118321255, 0.12101768, 0.12371409)","(1.05270365E-5, 1.9681643E-4, 0.0033546963, 0.03370733, 0.29326493, 1.5842831, 7.039436, 20.456156, 44.133503, 72.52912, 84.13658, 70.59363, 43.991463, 18.821556, 6.296278, 1.3715606, 0.24591957, 0.027210351, 0.002605064, 1.8428078E-4, 7.425072E-6)"
Abell 2034,227.5525,33.5125,0.113,0.77,0.1,55,RMJ151011.7+332911.3,227.54880323874056,33.486467734774344,0.119237766,0.003746034,99.80225,3.735475,1.0199596,-1.0,1237662194004656475,0.0,0.0,17.779467,0.041170716,15.780211,0.0040801303,14.75407,0.0028658796,14.30432,0.0027716309,14.009382,0.0055045323,72.548065,"(0.9750289, 0.013204514, 0.0062975204, 0.0054037683, 6.538029E-5)","(227.5488, 227.55293, 227.5838, 227.48906, 227.49895)","(33.48647, 33.492496, 33.48598, 33.45417, 33.46282)","(22515067, 22515068, 22515381, 22515045, 22514991)","(0.09800566, 0.10012887, 0.10225208, 0.104375295, 0.1064985, 0.10862171, 0.110744916, 0.11286814, 0.114991345, 0.11711455, 0.11923776, 0.12136098, 0.12348419, 0.1256074, 0.12773061, 0.12985381, 0.13197704, 0.13410024, 0.13622345, 0.13834667, 0.14046988)","(1.2159197E-5, 2.4343558E-4, 0.0035838229, 0.038801212, 0.3081723, 1.7934434, 7.6359835, 23.749956, 53.85913, 88.837105, 106.51959, 92.64813, 58.311707, 26.549366, 8.711412, 2.060211, 0.35027623, 0.042761702, 0.0037419894, 3.0580186E-4, 1.4115372E-5)"
Abell 1068,160.18499999999997,39.95361111111111,0.1386,0.43,0.06,1628,RMJ104045.4+395448.6,160.18896087312652,39.913487619886,0.1430842,0.0042034686,42.84018,2.5856922,0.9998079,0.13405976,1237661383314702575,0.0,0.0,19.893375,0.075487524,17.954796,0.007835279,16.885658,0.005161673,16.442993,0.004722521,16.091301,0.010648665,21.895653,"(0.7930312, 0.19489436, 0.009972161, 0.002027755, 7.4512005E-5)","(160.18896, 160.12013, 160.2628, 160.19589, 160.11296)","(39.913486, 40.001034, 39.921654, 39.931065, 39.99328)","(18825022, 22581158, 18825003, 18825024, 22581155)","(0.11957392, 0.12192495, 0.12427597, 0.126627, 0.12897803, 0.13132906, 0.13368008, 0.1360311, 0.13838214, 0.14073315, 0.14308418, 0.14543521, 0.14778624, 0.15013726, 0.15248829, 0.15483932, 0.15719035, 0.15954137, 0.1618924, 0.16424343, 0.16659445)","(2.8796427E-5, 4.7725954E-4, 0.0059920633, 0.056714848, 0.36165425, 1.9502233, 7.814922, 23.179876, 50.628014, 81.15574, 95.0708, 81.085754, 50.21866, 23.79594, 7.8455667, 1.8619086, 0.31788716, 0.039051823, 0.0034592685, 2.2159218E-4, 1.0316019E-5)"
Abell 1914,216.50416666666666,37.82694444444444,0.1712,1.21,0.14,65,RMJ142556.7+374859.2,216.4861180873681,37.81645558713522,0.17051592,0.0037779217,103.34141,4.010948,1.0105821,0.17001231,1237662194537201844,0.0,0.0,18.955425,0.08153048,16.862116,0.006983018,15.625439,0.0040193712,15.185971,0.003913553,14.864969,0.009584061,64.909996,"(0.9656521, 0.03343037, 7.2534755E-4, 1.1176089E-4, 8.0420716E-5)","(216.48611, 216.51619, 216.51073, 216.48802, 216.4975)","(37.816456, 37.8315, 37.830917, 37.817158, 37.847794)","(22566675, 22566684, 22566676, 22566685, 22566671)","(0.14879057, 0.1509631, 0.15313564, 0.15530817, 0.1574807, 0.15965323, 0.16182578, 0.1639983, 0.16617084, 0.16834337, 0.17051591, 0.17268844, 0.17486097, 0.17703351, 0.17920604, 0.18137857, 0.1835511, 0.18572363, 0.18789618, 0.1900687, 0.19224124)","(3.6913136E-6, 1.07228654E-4, 0.002150382, 0.02978565, 0.28508282, 1.614765, 7.6676893, 25.305235, 58.227093, 91.06103, 106.26277, 87.39044, 50.947823, 23.239788, 7.126545, 1.574355, 0.25228912, 0.029531687, 0.003218414, 2.1108228E-4, 1.0349717E-5)"
Abell 963,154.265,39.047777777777775,0.206,0.78,0.1,15984,RMJ101703.6+390249.4,154.26514811058766,39.04705567112773,0.2051836,0.006052893,31.79558,3.9185114,1.0515449,0.20560744,1237661139034046481,0.0,0.0,20.11322,0.15942748,17.307146,0.007758517,15.934493,0.0040977183,15.423299,0.0041344566,15.113669,0.008828256,28.551146,"(0.95422244, 0.044654746, 8.6539495E-4, 2.0676866E-4, 5.0655133E-5)","(154.26515, 154.28067, 154.34175, 154.30765, 154.28616)","(39.047054, 39.06059, 39.07769, 39.064766, 39.04962)","(18134507, 18134531, 18134850, 18134599, 18134586)","(0.1665876, 0.1704472, 0.17430681, 0.1781664, 0.182026, 0.1858856, 0.1897452, 0.1936048, 0.19746439, 0.201324, 0.2051836, 0.20904319, 0.2129028, 0.21676238, 0.22062199, 0.22448157, 0.22834118, 0.23220079, 0.23606037, 0.23991998, 0.24377958)","(1.1396166E-9, 1.7286874E-7, 1.6548576E-5, 7.2426477E-4, 0.019741887, 0.2681498, 2.2747843, 10.572207, 31.26291, 56.03401, 65.807556, 51.66892, 27.455791, 10.651519, 2.8841617, 0.6156865, 0.094292745, 0.012157301, 0.0011506627, 9.687426E-5, 6.0996576E-6)"
Abell 1423,179.3225,33.611111111111114,0.213,1.0,0.2,376,RMJ115715.2+333638.5,179.31323546362367,33.610706938161215,0.21948987,0.005796918,86.01176,4.1998205,0.9985051,0.22043326,1237665126931234948,0.0,0.0,22.221693,0.7296371,18.855225,0.017852113,17.51862,0.009028535,17.027626,0.0087700095,16.740791,0.022482662,51.344227,"(0.96919423, 0.03075891, 2.0153342E-5, 1.3634789E-5, 1.2992554E-5)","(179.31323, 179.32042, 179.40149, 179.39514, 179.30908)","(33.610706, 33.607445, 33.624035, 33.621346, 33.60535)","(31746860, 31746861, 31747185, 31747125, 32624317)","(0.18481237, 0.18828014, 0.19174787, 0.19521561, 0.19868338, 0.20215112, 0.20561886, 0.20908663, 0.21255437, 0.2160221, 0.21948987, 0.22295761, 0.22642535, 0.22989312, 0.23336086, 0.23682863, 0.24029636, 0.2437641, 0.24723187, 0.2506996, 0.25416738)","(8.559849E-8, 6.097978E-6, 2.49868E-4, 0.0060314005, 0.075953715, 0.70029044, 4.061615, 15.143302, 37.076168, 60.812004, 68.36712, 54.4606, 30.71426, 12.481899, 3.7153099, 0.8229526, 0.15419672, 0.020079361, 0.0020289014, 1.611392E-4, 1.0179813E-5)"
Zwicky 2701,148.20499999999998,51.885,0.214,0.46,0.07,3039,RMJ095249.2+515305.4,148.20487631679214,51.8848373892798,0.21531875,0.0060104346,49.704918,3.3627012,0.9984976,0.21519418,1237657771246223413,0.0,0.0,20.06562,0.2223028,17.423536,0.00972553,16.09446,0.0053534135,15.5889435,0.005203012,15.231404,0.01435619,42.190933,"(0.932511, 0.041728783, 0.013063048, 0.0068522883, 0.005844949)","(148.20488, 148.12753, 148.12262, 148.2104, 148.25565)","(51.88484, 51.820045, 51.821075, 51.92401, 51.873768)","(11826526, 11826543, 11826542, 11826805, 11826796)","(0.17744619, 0.18123344, 0.1850207, 0.18880795, 0.19259521, 0.19638246, 0.20016973, 0.20395698, 0.20774423, 0.21153149, 0.21531872, 0.219106, 0.22289325, 0.2266805, 0.23046775, 0.234255, 0.23804228, 0.24182953, 0.24561678, 0.24940403, 0.25319126)","(1.4453564E-9, 2.4400705E-7, 2.0828833E-5, 0.0010856588, 0.025342945, 0.33068463, 2.4974682, 11.956959, 32.754982, 57.416203, 66.410736, 51.15191, 27.632227, 10.715108, 3.0580542, 0.60881525, 0.09956723, 0.012788089, 0.0013141494, 9.770725E-5, 6.690331E-6)"
Abell 773,139.46958333333333,51.72666666666667,0.217,0.98,0.1,13,RMJ091753.4+514337.5,139.47258307756059,51.72709579554531,0.22690289,0.005877098,153.60655,4.73977,1.0033137,-1.0,1237655109440241892,0.0,0.0,21.2131,0.5436029,17.454985,0.010106202,16.08402,0.0050459574,15.571074,0.0046219234,15.334637,0.011224438,115.65399,"(0.92639714, 0.07337379, 2.0012163E-4, 2.1430695E-5, 7.585768E-6)","(139.47258, 139.47287, 139.48083, 139.51903, 139.47636)","(51.727097, 51.733757, 51.71637, 51.72911, 51.73234)","(7625135, 7625134, 7625166, 7625175, 7625136)","(0.19224943, 0.19571477, 0.19918013, 0.20264547, 0.20611082, 0.20957616, 0.21304151, 0.21650687, 0.2199722, 0.22343755, 0.2269029, 0.23036826, 0.23383358, 0.23729894, 0.24076429, 0.24422964, 0.24769497, 0.25116035, 0.2546257, 0.25809103, 0.2615564)","(5.097425E-7, 2.4033523E-5, 6.9972966E-4, 0.012790843, 0.14908382, 0.97694343, 4.9933786, 16.985962, 38.99656, 61.262352, 67.109825, 52.67683, 29.375576, 11.77109, 3.4303026, 0.8356021, 0.1360057, 0.016604003, 0.0015348829, 1.085486E-4, 7.4705745E-6)"
Abell 2261,260.6125,32.132777777777775,0.224,1.65,0.25,14,RMJ172227.2+320757.2,260.61325903724463,32.1325684169872,0.22932445,0.0060095927,179.95189,7.0335517,1.0456073,0.22326326,1237665569301987827,0.0,0.0,19.467768,0.19750245,16.727022,0.010206048,15.258981,0.0040769805,14.774956,0.0037958687,14.447551,0.008368342,134.45016,"(0.68348914, 0.16585977, 0.13422106, 0.014431244, 0.0019987654)","(260.61325, 260.59198, 260.59857, 260.5977, 260.5709)","(32.13257, 32.026253, 32.02452, 32.114162, 32.15349)","(34917204, 34917191, 34917190, 34917266, 34916875)","(0.19413507, 0.19765401, 0.20117295, 0.20469189, 0.20821083, 0.21172975, 0.21524869, 0.21876763, 0.22228657, 0.2258055, 0.22932445, 0.23284338, 0.23636232, 0.23988126, 0.2434002, 0.24691914, 0.2504381, 0.25395703, 0.25747597, 0.26099485, 0.2645138)","(6.336237E-7, 2.8588202E-5, 7.993781E-4, 0.0140981395, 0.15910034, 1.0170643, 5.0839205, 16.996777, 38.52211, 60.057106, 65.64918, 51.662632, 29.014719, 11.769293, 3.4865575, 0.7627962, 0.14457008, 0.018168764, 0.0017360218, 1.2715874E-4, 7.2083126E-6)"
Abell 1682,196.71125,46.55833333333333,0.226,1.41,0.34,76,RMJ130650.0+463333.4,196.70831678088706,46.55927281084781,0.22913617,0.006175175,122.379616,5.3302217,1.0275583,-1.0,1237661361296310424,0.0,0.0,19.771725,0.13829821,17.59669,0.009923933,16.161217,0.004990831,15.641304,0.0047730203,15.339844,0.012427949,88.96,"(0.8772101, 0.10656037, 0.009584895, 0.0062150294, 4.2961864E-4)","(196.70831, 196.69038, 196.73862, 196.7509, 196.74316)","(46.559273, 46.558548, 46.535133, 46.53112, 46.494644)","(18577711, 18577710, 18577729, 18577735, 18577740)","(0.19265808, 0.19630589, 0.1999537, 0.20360151, 0.20724933, 0.21089713, 0.21454494, 0.21819274, 0.22184058, 0.22548838, 0.22913618, 0.23278399, 0.23643179, 0.24007963, 0.24372743, 0.24737523, 0.25102305, 0.2546709, 0.2583187, 0.2619665, 0.2656143)","(1.550172E-7, 1.0025164E-5, 3.049883E-4, 0.007028952, 0.09822425, 0.75364995, 4.245852, 14.404167, 35.265827, 56.565903, 64.43965, 52.02049, 29.376036, 12.62395, 3.739897, 0.81070024, 0.14720199, 0.018043093, 0.0019602287, 1.4181928E-4, 9.570227E-6)"
Abell 1763,203.82916666666665,40.999722222222225,0.2279,1.94,0.33,6,RMJ133520.1+410004.1,203.83372267931975,41.0011464409052,0.23174694,0.0060674027,189.18115,5.613359,1.0100377,0.2283087,1237662306722447498,0.0,0.0,19.995804,0.107984856,17.901672,0.009154892,16.366825,0.0045009954,15.850655,0.0043274383,15.507919,0.011259914,128.97887,"(0.98141843, 0.01631609, 0.0020582934, 1.7066997E-4, 3.6546284E-5)","(203.83372, 203.81827, 203.76596, 203.78654, 203.83876)","(41.00115, 41.01315, 40.977543, 40.98678, 40.991226)","(25032419, 25032534, 25032451, 25032461, 25032423)","(0.1959384, 0.19951925, 0.2031001, 0.20668095, 0.2102618, 0.21384266, 0.21742351, 0.22100435, 0.22458522, 0.22816606, 0.23174693, 0.23532777, 0.23890863, 0.24248947, 0.24607034, 0.24965118, 0.25323203, 0.25681287, 0.26039374, 0.26397458, 0.26755545)","(8.0235895E-7, 2.7195143E-5, 7.9585647E-4, 0.014525075, 0.1394664, 1.0757468, 5.410545, 16.53471, 38.128075, 59.752422, 64.867676, 50.20139, 27.375238, 11.665071, 3.3629057, 0.7062253, 0.12907568, 0.015222077, 0.0013476363, 9.0350644E-5, 5.993135E-6)"
Abell 2219,250.08458333333337,46.70833333333334,0.2281,2.16,0.23,2,RMJ164019.8+464241.5,250.08254838650885,46.71153135360437,0.23276423,0.0061555807,199.53928,5.2998266,0.99517053,-1.0,1237651715872325879,0.0,0.0,19.793066,0.14495553,17.980946,0.014266385,16.546164,0.0069523766,16.04907,0.007294643,15.814708,0.019318104,132.71582,"(0.98567283, 0.011496065, 0.0015903878, 0.0012374397, 3.2535431E-6)","(250.08255, 250.09854, 250.09949, 250.08647, 250.10757)","(46.711533, 46.70284, 46.714714, 46.71227, 46.709465)","(3352952, 3352959, 3352955, 3352954, 3352965)","(0.19623154, 0.1998848, 0.20353806, 0.20719135, 0.2108446, 0.21449786, 0.21815112, 0.22180438, 0.22545767, 0.22911093, 0.23276418, 0.23641747, 0.24007073, 0.24372399, 0.24737728, 0.25103053, 0.2546838, 0.25833705, 0.2619903, 0.2656436, 0.26929685)","(3.38395E-7, 1.4773013E-5, 5.301151E-4, 0.009168557, 0.10394461, 0.91016775, 4.4695277, 14.986673, 36.703995, 57.890514, 64.75784, 50.27539, 28.490316, 11.837946, 3.2624118, 0.734176, 0.12488194, 0.013508866, 0.0013195354, 1.0005032E-4, 5.934771E-6)"
Abell 2111,234.92125,34.41861111111111,0.229,0.88,0.2,19,RMJ153940.5+342527.3,234.91872006377525,34.424246265680814,0.23384607,0.0063535455,151.48611,5.1605844,1.0104053,0.22800131,1237661463838720535,0.0,0.0,20.687248,0.26216382,18.44357,0.016663333,16.9465,0.0075800545,16.439812,0.0070720008,16.078493,0.015634963,97.62508,"(0.8103749, 0.18596123, 0.0018262003, 0.0017254046, 1.1221276E-4)","(234.91872, 234.92415, 234.98296, 234.92505, 234.89297)","(34.424248, 34.411945, 34.415237, 34.441715, 34.43688)","(19742853, 19742797, 19742770, 19742795, 19742792)","(0.19636916, 0.20011684, 0.20386454, 0.20761223, 0.21135993, 0.21510763, 0.2188553, 0.22260301, 0.22635071, 0.23009838, 0.23384608, 0.23759378, 0.24134146, 0.24508916, 0.24883686, 0.25258458, 0.25633225, 0.26007995, 0.26382765, 0.26757532, 0.27132303)","(2.3555174E-7, 1.4353488E-5, 5.104218E-4, 0.008961922, 0.119611606, 0.87348866, 4.7293353, 15.397892, 36.370113, 56.404922, 62.21142, 48.846584, 26.774479, 11.247757, 3.2441232, 0.76681703, 0.1224769, 0.017061492, 0.0015810137, 1.3500941E-4, 7.559029E-6)"
Zwicky 5247,188.59208333333333,9.784722222222221,0.229,0.94,0.18,225,RMJ123424.1+094715.5,188.60036066307475,9.787638325896507,0.22960329,0.00640992,92.968025,4.224519,1.000988,0.23207693,1237662237468000464,0.0,0.0,20.40775,0.18645339,18.555216,0.015786046,17.071842,0.0072327186,16.581106,0.0064187353,16.21336,0.01566855,69.42778,"(0.8728962, 0.12710254, 6.8066606E-7, 3.4602778E-7, 2.4443898E-7)","(188.60036, 188.57277, 188.59833, 188.59888, 188.56802)","(9.787639, 9.76624, 9.815279, 9.784947, 9.757118)","(23658257, 14071225, 23658254, 23658258, 14071224)","(0.19049756, 0.19440813, 0.1983187, 0.20222928, 0.20613985, 0.21005042, 0.21396099, 0.21787156, 0.22178213, 0.2256927, 0.22960328, 0.23351385, 0.23742442, 0.24133499, 0.24524556, 0.24915613, 0.2530667, 0.25697726, 0.26088783, 0.2647984, 0.26870897)","(3.254673E-8, 2.8391394E-6, 1.3737242E-4, 0.0037947565, 0.06141558, 0.5377024, 3.3167853, 12.94224, 32.701725, 54.71615, 61.968876, 48.4973, 26.738485, 10.57687, 3.2854805, 0.7144902, 0.116925776, 0.014591707, 0.0014081235, 1.0616161E-4, 6.3212706E-6)"
Abell 267,28.175833333333333,1.0083333333333333,0.23,0.76,0.1,239,RMJ015242.0+010025.5,28.174847327626125,1.0070892973837489,0.2275947,0.006265585,93.85281,4.089814,1.0024942,0.22967817,1237663785283485713,0.0,0.0,20.346092,0.42470792,17.027292,0.0104971165,15.586282,0.004862709,15.054621,0.004521595,14.756908,0.010481742,67.86597,"(0.9999999, 8.189313E-8, 1.5238657E-8, 1.048938E-8, 7.459265E-9)","(28.174847, 28.15681, 28.1757, 28.183414, 28.200823)","(1.0070893, 1.025388, 1.0152371, 1.0333493, 1.0049908)","(28137465, 28137516, 28137464, 28137525, 28137490)","(0.18964645, 0.19344129, 0.1972361, 0.20103094, 0.20482576, 0.2086206, 0.21241543, 0.21621025, 0.22000507, 0.22379988, 0.22759473, 0.23138955, 0.23518437, 0.23897922, 0.24277404, 0.24656886, 0.25036368, 0.2541585, 0.25795335, 0.26174816, 0.26554298)","(5.3773196E-8, 3.932739E-6, 1.657745E-4, 0.0041272705, 0.062123608, 0.645657, 3.7086818, 13.782727, 33.84286, 56.008835, 63.673786, 49.52378, 27.569176, 11.11994, 3.3042507, 0.73404694, 0.11111538, 0.014182088, 0.0014086455, 1.10216606E-4, 6.864915E-6)"
Abell 2390,328.4045833333333,17.695833333333333,0.2329,1.73,0.17,29,RMJ215336.8+174143.7,328.40346216887644,17.695479228752124,0.25057757,0.0076875463,145.84177,6.2302814,1.0551981,0.23022018,1237680297268019748,0.0,0.0,18.940178,0.09339708,17.698633,0.010994147,16.661692,0.0071923607,16.136318,0.006512073,15.9237795,0.015690915,93.75944,"(0.9998756, 6.309666E-5, 2.9325873E-5, 2.3498551E-5, 8.423754E-6)","(328.40347, 328.39413, 328.401, 328.4533, 328.40625)","(17.695478, 17.699188, 17.686705, 17.673403, 17.695175)","(56788128, 56788166, 56788171, 56788110, 56788129)","(0.20467004, 0.20926079, 0.21385154, 0.21844229, 0.22303304, 0.22762379, 0.23221454, 0.23680529, 0.24139604, 0.24598679, 0.25057754, 0.2551683, 0.25975904, 0.2643498, 0.26894054, 0.2735313, 0.27812204, 0.2827128, 0.28730354, 0.2918943, 0.29648504)","(5.292067E-8, 4.2650413E-6, 1.6172139E-4, 0.003693204, 0.058651466, 0.509348, 2.8546195, 11.124541, 27.032114, 44.947895, 51.97789, 41.895493, 24.284225, 9.756108, 3.0059278, 0.6942889, 0.11077103, 0.014721963, 0.0015218162, 1.0829258E-4, 6.903123E-6)"
Zwicky 2089,135.15333333333334,20.894444444444446,0.2347,0.35,0.04,9803,RMJ090042.2+205342.9,135.17569593487957,20.895259627353347,0.2528995,0.0097345635,27.081793,2.5084076,0.99761283,-1.0,1237667212120097010,0.0,0.0,21.360249,0.18904455,19.477583,0.018687803,18.117096,0.009740155,17.585188,0.010038113,17.231936,0.022176893,16.609978,"(0.90476906, 0.041285206, 0.03465704, 0.019184636, 1.04064224E-4)","(135.17569, 135.13881, 135.18524, 135.16782, 135.17229)","(20.89526, 20.893322, 20.914816, 20.909107, 20.91267)","(37025453, 37025446, 37025454, 37025449, 37025529)","(0.19080818, 0.19701731, 0.20322645, 0.20943558, 0.21564472, 0.22185382, 0.22806296, 0.2342721, 0.24048123, 0.24669036, 0.2528995, 0.25910863, 0.26531777, 0.2715269, 0.27773604, 0.28394517, 0.2901543, 0.29636344, 0.30257255, 0.30878168, 0.31499082)","(4.7399467E-12, 3.9468766E-9, 9.96348E-7, 1.09449815E-4, 0.004989216, 0.103321254, 1.0574988, 5.7717547, 17.62402, 33.673378, 41.027893, 33.304882, 18.644148, 7.408117, 2.1424222, 0.4790919, 0.07867181, 0.00998698, 9.981119E-4, 7.998154E-5, 5.2380396E-6)"
RX J2129.6+0005,322.41541666666666,0.08833333333333333,0.235,0.88,0.12,1137,RMJ212940.0+000521.2,322.41646468399864,0.08920889296508036,0.24724136,0.007831416,60.978348,4.1017714,1.0358601,0.23392606,1237663457778729698,0.0,0.0,20.064913,0.2527501,17.73681,0.013252411,16.319567,0.0065670055,15.790203,0.0060017114,15.566817,0.018665792,47.48072,"(0.9995911, 1.9274352E-4, 1.2042805E-4, 6.79434E-5, 2.7787426E-5)","(322.41647, 322.4172, 322.40628, 322.4132, 322.42877)","(0.08920889, 0.09058082, 0.08291163, 0.085996, 0.1081142)","(27309846, 27309847, 27309878, 27309845, 27310149)","(0.19912271, 0.20393457, 0.20874642, 0.2135583, 0.21837015, 0.22318204, 0.22799389, 0.23280577, 0.23761763, 0.24242951, 0.24724136, 0.25205326, 0.2568651, 0.26167697, 0.26648885, 0.27130073, 0.2761126, 0.28092444, 0.28573632, 0.2905482, 0.29536006)","(3.9971932E-9, 5.2255893E-7, 3.5108726E-5, 0.0014392727, 0.028193597, 0.31952733, 2.169392, 9.120823, 24.464973, 43.094482, 51.08164, 41.232086, 23.478191, 9.6168995, 2.883112, 0.64277965, 0.100159, 0.012766907, 0.0012624821, 9.799371E-5, 6.047062E-6)"
Abell 1835,210.25791666666666,2.8777777777777778,0.2528,1.41,0.12,43,RMJ140100.5+025149.7,210.25219989055893,2.8638091045806404,0.25708973,0.007981105,134.2785,5.2059393,1.0067699,0.2792997,1237651754560389456,0.0,0.0,21.567472,0.33878836,19.730865,0.028939323,18.172491,0.0116969915,17.630459,0.011171311,17.331448,0.027810758,85.44093,"(0.5262487, 0.40923017, 0.031046527, 0.0198152, 0.013659428)","(210.2522, 210.27824, 210.25313, 210.2687, 210.26306)","(2.863809, 2.872132, 2.9040396, 2.9068363, 2.8791647)","(4022496, 4022643, 3608336, 3608341, 4022617)","(0.20951498, 0.21427244, 0.21902993, 0.2237874, 0.22854489, 0.23330235, 0.23805982, 0.24281731, 0.24757478, 0.25233227, 0.25708973, 0.2618472, 0.2666047, 0.27136216, 0.27611965, 0.2808771, 0.28563458, 0.29039207, 0.29514953, 0.29990703, 0.3046645)","(9.4497395E-8, 5.7732727E-6, 1.7578436E-4, 0.0039803656, 0.055788632, 0.49373072, 2.8103552, 10.468564, 25.955927, 42.768417, 50.169724, 40.950073, 23.604961, 9.734948, 2.9133675, 0.640613, 0.11613334, 0.014532406, 0.0013853174, 1.0172239E-4, 5.82284E-6)"
Abell 68,9.274583333333332,9.16,0.2546,0.87,0.12,209,RMJ003706.8+090924.1,9.27850558294756,9.156703629803651,0.26882175,0.009141022,101.70913,4.746494,0.9957431,0.24940915,1237678905712771293,0.0,0.0,21.595638,1.3084284,18.270393,0.022303363,16.718084,0.009847472,16.14779,0.008363566,15.745188,0.018716307,82.916115,"(0.939827, 0.059102416, 6.4748526E-4, 4.203331E-4, 2.7174362E-6)","(9.278505, 9.266264, 9.286877, 9.26482, 9.284562)","(9.156704, 9.174746, 9.156429, 9.172336, 9.181162)","(51819776, 51819769, 51819971, 51819770, 51819778)","(0.21332693, 0.21887642, 0.22442588, 0.22997537, 0.23552486, 0.24107435, 0.24662381, 0.2521733, 0.2577228, 0.26327226, 0.26882175, 0.27437124, 0.27992073, 0.2854702, 0.29101968, 0.29656917, 0.30211863, 0.30766812, 0.3132176, 0.3187671, 0.3243166)","(2.035189E-8, 1.6636319E-6, 7.654998E-5, 0.002044879, 0.03267283, 0.32070026, 2.1132174, 8.271157, 21.311527, 36.848984, 43.586185, 35.88608, 20.33593, 8.418578, 2.5466378, 0.5710731, 0.09622406, 0.012345487, 0.0012214218, 8.470767E-5, 5.1264724E-6)"
MS J1455.0+2232,224.31291666666667,22.3425,0.2578,0.71,0.09,2288,RMJ145715.1+222034.4,224.3129486156367,22.342886509626876,0.26976523,0.009363533,54.92212,3.5145602,1.0038501,0.25762063,1237665532252979506,0.0,0.0,18.803827,0.060328756,17.565296,0.008586594,16.3723,0.005174969,15.905625,0.0050582676,15.588892,0.013761503,43.678185,"(0.98598087, 0.013954503, 3.3976066E-5, 3.0512843E-5, 1.3100731E-7)","(224.31294, 224.31708, 224.28535, 224.31012, 224.33025)","(22.342886, 22.33074, 22.337376, 22.328619, 22.330673)","(34099946, 34099972, 34099961, 34099971, 34099978)","(0.21170247, 0.21750873, 0.22331503, 0.2291213, 0.23492756, 0.24073383, 0.24654013, 0.2523464, 0.25815266, 0.26395896, 0.26976523, 0.2755715, 0.28137776, 0.28718406, 0.29299033, 0.29879662, 0.3046029, 0.31040916, 0.31621543, 0.32202172, 0.327828)","(6.4939076E-9, 6.609118E-7, 3.7453996E-5, 0.001211413, 0.02287493, 0.23870791, 1.6708153, 7.2754087, 20.10458, 36.013542, 42.748333, 34.33998, 19.62309, 7.814416, 2.2504363, 0.47861868, 0.07683544, 0.009507384, 0.0010100784, 7.956987E-5, 5.1295583E-6)"
Abell 697,130.73999999999998,36.365833333333335,0.282,1.96,0.27,31,RMJ084257.6+362159.3,130.7398189043654,36.36646003953564,0.29645097,0.010809168,139.98386,4.858471,0.9975398,0.28228188,1237657628437578060,0.0,0.0,21.130424,0.25166294,19.219233,0.02123998,17.525244,0.00805404,16.979864,0.007055325,16.605204,0.014243557,78.97189,"(0.97088706, 0.028926987, 1.039531E-4, 8.106388E-5, 9.4218274E-7)","(130.73982, 130.74011, 130.72568, 130.74174, 130.75728)","(36.36646, 36.36695, 36.35152, 36.37914, 36.346058)","(11249888, 11249889, 11249901, 11250274, 11249909)","(0.23134995, 0.23786005, 0.24437016, 0.25088024, 0.25739035, 0.26390046, 0.27041057, 0.27692068, 0.28343076, 0.28994086, 0.29645097, 0.30296108, 0.3094712, 0.31598127, 0.3224914, 0.3290015, 0.3355116, 0.3420217, 0.34853178, 0.35504192, 0.361552)","(3.3275473E-8, 2.5882716E-6, 9.900851E-5, 0.0023047305, 0.033307876, 0.30429798, 1.9152379, 7.254531, 18.330488, 31.40083, 37.026154, 30.149908, 17.460125, 7.3020716, 2.1137698, 0.47610298, 0.08103084, 0.010577914, 9.674114E-4, 7.684096E-5, 4.895279E-6)"
Zwicky 3146,155.91500000000002,4.1866666666666665,0.2906,1.08,0.1,667,RMJ102340.7+041115.1,155.91948070646754,4.187515165496148,0.29173332,0.011069426,73.53319,3.962966,0.99654275,-1.0,1237654605323894994,0.0,0.0,23.545639,1.1200793,20.700916,0.047976587,19.118795,0.018260244,18.56476,0.014910519,18.208462,0.036094747,41.46407,"(0.6997419, 0.28555253, 0.01287636, 9.889186E-4, 8.402362E-4)","(155.91948, 155.91118, 155.90485, 155.9169, 155.89375)","(4.1875153, 4.1846547, 4.151621, 4.210368, 4.19409)","(6338822, 6338820, 6026959, 6338855, 6338976)","(0.22292992, 0.22981027, 0.23669061, 0.24357095, 0.2504513, 0.25733164, 0.26421198, 0.27109233, 0.27797267, 0.284853, 0.29173335, 0.2986137, 0.30549404, 0.31237438, 0.31925473, 0.32613507, 0.3330154, 0.33989576, 0.3467761, 0.35365644, 0.36053678)","(2.1784363E-9, 2.7590463E-7, 1.848294E-5, 7.518389E-4, 0.015332721, 0.18256906, 1.3791423, 6.0149226, 16.66317, 30.063063, 36.16042, 29.364534, 16.651178, 6.74013, 1.9051757, 0.41464353, 0.06858669, 0.0087836385, 8.219533E-4, 6.61166E-5, 4.3430673E-6)"
Abell 781,140.10541666666668,30.503055555555555,0.2984,0.9,0.14,21,RMJ092030.0+302946.8,140.12508065960202,30.496346634770482,0.30510542,0.011502033,38.690826,5.167868,0.99542797,-1.0,1237664092903637310,0.0,0.0,24.478506,1.3754097,20.919626,0.05134628,19.318394,0.019388981,18.665712,0.015744822,18.465912,0.044418,27.625439,"(0.6945497, 0.20804638, 0.033327427, 0.033316318, 0.030760141)","(140.12508, 140.0587, 140.07196, 140.11583, 140.05678)","(30.496347, 30.500608, 30.51381, 30.49693, 30.495672)","(28576241, 29659975, 29660000, 23136325, 29659968)","(0.2352866, 0.24226847, 0.24925035, 0.25623223, 0.2632141, 0.270196, 0.2771779, 0.28415978, 0.29114166, 0.29812354, 0.30510542, 0.3120873, 0.31906918, 0.32605106, 0.33303294, 0.34001485, 0.3469967, 0.3539786, 0.36096045, 0.36794236, 0.37492424)","(1.5112914E-8, 1.192612E-6, 6.212317E-5, 0.0016341404, 0.025972998, 0.2757321, 1.6780404, 6.582216, 17.468967, 29.77978, 34.765778, 27.909101, 15.982764, 6.64065, 1.9318751, 0.4378868, 0.07543423, 0.009225735, 9.503227E-4, 7.7807555E-5, 4.607423E-6)"
Abell 1689,197.87333333333333,-1.3411111111111111,0.1832,1.21,0.14,3,RMJ131129.5-012028.0,197.87295717057873,-1.3411162795331073,0.18239772,0.0039365347,164.71217,4.241623,1.0065473,-1.0,1237655500272500810,0.0,0.0,20.430338,0.4959239,16.88942,0.010134867,15.686827,0.005504868,15.2489805,0.0053161834,15.027758,0.014108292,118.676895,"(0.6600979, 0.30167994, 0.035567652, 0.0022810765, 3.734779E-4)","(197.87296, 197.8753, 197.87624, 197.88617, 197.88637)","(-1.3411163, -1.345205, -1.341423, -1.3329309, -1.3254577)","(9222531, 9222521, 9222520, 9222793, 9222794)","(0.15987472, 0.16212702, 0.16437933, 0.16663162, 0.16888392, 0.17113622, 0.17338853, 0.17564082, 0.17789312, 0.18014541, 0.18239772, 0.18465002, 0.18690231, 0.18915461, 0.19140692, 0.19365922, 0.19591151, 0.19816382, 0.20041612, 0.20266841, 0.20492071)","(8.131137E-6, 1.8345276E-4, 0.0039230194, 0.043326445, 0.34291202, 2.3245215, 9.245865, 29.510246, 60.203876, 92.65356, 99.20751, 78.99763, 43.61775, 18.926292, 5.409145, 1.316201, 0.24585927, 0.028202102, 0.0030868985, 1.9879805E-4, 1.3149694E-5)"
Abell 2537,347.09166666666664,-2.191666666666667,0.2966,0.82,0.11,51,RMJ230822.2-021131.8,347.09261654449915,-2.192174723098411,0.3080613,0.011656429,137.75664,5.25023,0.99329925,-1.0,1237679997700079848,0.0,0.0,27.802082,1.1096208,18.431423,0.026516503,16.782825,0.0100720385,16.17512,0.008759285,15.933017,0.027076725,107.384186,"(0.9739743, 0.025573941, 4.310921E-4, 1.5490246E-5, 5.178532E-6)","(347.09262, 347.10312, 347.10483, 347.0994, 347.09302)","(-2.1921747, -2.2038145, -2.1987536, -2.1935089, -2.1887424)","(54722933, 54722941, 54722946, 54722967, 54722932)","(0.23530339, 0.24257918, 0.24985497, 0.25713074, 0.26440656, 0.27168232, 0.27895814, 0.28623396, 0.29350972, 0.30078554, 0.3080613, 0.31533712, 0.32261288, 0.3298887, 0.33716446, 0.34444028, 0.35171604, 0.35899186, 0.36626762, 0.37354344, 0.3808192)","(7.300823E-9, 6.906964E-7, 3.6692534E-5, 0.0011216549, 0.02019503, 0.21917585, 1.3769933, 5.8842263, 16.109808, 28.796453, 34.25042, 27.571913, 15.303833, 5.9826026, 1.7752628, 0.3720788, 0.058662966, 0.007113109, 6.7778496E-4, 5.1882133E-5, 3.2608204E-6)"
MACS J2245.0+2637,341.26916666666665,26.634444444444444,0.301,0.56,0.1,2532,RMJ224506.1+263553.2,341.27551268512633,26.598114269001282,0.30150345,0.011947531,57.561234,3.9569623,1.0045065,-1.0,1237680331095933217,0.0,0.0,22.002028,0.4537465,20.251793,0.03680284,18.702875,0.015429542,18.144438,0.014426231,17.770441,0.03422792,38.38889,"(0.46429792, 0.3168062, 0.10668991, 0.07511387, 0.03709207)","(341.2755, 341.25446, 341.26074, 341.2375, 341.26944)","(26.598114, 26.604588, 26.573849, 26.578342, 26.634617)","(57432488, 57432510, 57432509, 57432503, 57432481)","(0.22429127, 0.23201248, 0.2397337, 0.24745491, 0.25517613, 0.26289734, 0.2706186, 0.2783398, 0.28606102, 0.29378223, 0.30150345, 0.30922467, 0.31694588, 0.3246671, 0.3323883, 0.34010956, 0.34783074, 0.355552, 0.36327317, 0.37099442, 0.37871563)","(3.816583E-11, 1.3661338E-8, 2.140155E-6, 1.395695E-4, 0.0049884534, 0.09059659, 0.83206296, 4.546838, 14.41363, 27.633265, 33.379078, 26.661379, 14.470889, 5.7041087, 1.5943532, 0.330468, 0.054744665, 0.006727908, 6.555317E-4, 5.1746392E-5, 3.633756E-6)"
MACS J1532.8+3021,233.2241666666667,30.349722222222223,0.363,1.08,0.17,1402,RMJ153257.0+302239.9,233.23755810986302,30.377750029225496,0.37233147,0.014160301,71.76361,4.499321,1.0006815,-1.0,1237662339472949505,0.0,0.0,24.533257,1.5894165,20.698719,0.048943046,19.01321,0.016689671,18.378428,0.01414043,18.054752,0.034981176,44.609673,"(0.98092866, 0.016660336, 0.0011676343, 9.510277E-4, 2.923585E-4)","(233.23756, 233.23013, 233.22816, 233.2422, 233.25269)","(30.37775, 30.370829, 30.384325, 30.389032, 30.355822)","(25382607, 25382730, 25382719, 25382729, 25382774)","(0.2992337, 0.30654347, 0.31385326, 0.32116303, 0.32847282, 0.3357826, 0.34309235, 0.35040215, 0.3577119, 0.3650217, 0.37233147, 0.37964123, 0.38695103, 0.3942608, 0.40157056, 0.40888035, 0.41619012, 0.4234999, 0.43080968, 0.43811947, 0.44542927)","(1.2023483E-4, 0.0012109444, 0.010095104, 0.061722413, 0.2980109, 1.1415097, 3.5841978, 8.595113, 16.280296, 24.259087, 28.20982, 25.075914, 16.961618, 8.377185, 3.09709, 0.82739383, 0.15701884, 0.019410836, 0.0017346044, 1.0365619E-4, 3.643416E-6)"
MACS J0949.8+1708,147.46583333333336,17.11888888888889,0.384,1.3,0.22,27,RMJ094951.8+170710.6,147.4658410759847,17.119597497572737,0.38324508,0.013010344,185.38266,7.1144266,1.0212637,0.38278562,1237667733956395341,0.0,0.0,22.216585,0.9832094,19.699078,0.056940112,17.878647,0.015967553,17.183601,0.012328301,16.91544,0.031415425,126.326836,"(0.99873763, 0.0012513412, 6.817992E-6, 2.7198698E-6, 1.4405185E-6)","(147.46584, 147.47078, 147.46979, 147.48082, 147.46118)","(17.119598, 17.121151, 17.154516, 17.110638, 17.098753)","(39424958, 39424957, 39424944, 39424912, 40021826)","(0.31329086, 0.32028627, 0.3272817, 0.33427712, 0.34127253, 0.34826797, 0.35526338, 0.36225882, 0.36925423, 0.37624967, 0.38324508, 0.3902405, 0.39723593, 0.40423134, 0.41122675, 0.4182222, 0.4252176, 0.432213, 0.43920845, 0.4462039, 0.45319927)","(7.051299E-5, 7.2419475E-4, 0.0060148337, 0.04021234, 0.21503319, 0.914193, 3.064441, 8.0386915, 16.366713, 25.999073, 30.576038, 27.096756, 17.886677, 8.699087, 3.0841632, 0.7878277, 0.14321911, 0.018315136, 0.0016266415, 9.915251E-5, 4.096737E-6)"
MACS J2211.7_0349,332.94125,-3.828333333333333,0.396,2.06,0.23,320,RMJ221145.9-034944.5,332.94131100281584,-3.8290286994715883,0.42646122,0.011818006,159.4187,10.300939,1.481744,-1.0,1237680066416148649,0.0,0.0,21.569984,1.345606,18.963459,0.040263597,17.144075,0.0129849715,16.415863,0.009619586,16.146801,0.029088078,104.40142,"(0.9960301, 0.003549718, 2.2618783E-4, 1.6515929E-4, 2.8823106E-5)","(332.9413, 332.91858, 332.93427, 332.93304, 332.93222)","(-3.8290286, -3.7952344, -3.810626, -3.8423762, -3.8234258)","(54896963, 55657584, 55657661, 54897067, 54897064)","(0.3610203, 0.36756438, 0.37410846, 0.38065258, 0.38719666, 0.39374074, 0.40028483, 0.4068289, 0.41337302, 0.4199171, 0.4264612, 0.43300527, 0.43954936, 0.44609347, 0.45263752, 0.45918164, 0.46572575, 0.4722698, 0.47881392, 0.48535797, 0.49190208)","(2.1219097E-5, 2.9419607E-4, 0.0029386343, 0.024790261, 0.1610397, 0.8002727, 3.0224142, 8.611134, 17.972773, 28.729797, 33.815063, 29.127531, 18.271704, 8.584557, 2.8548172, 0.6853992, 0.11875401, 0.014854275, 0.0013441512, 9.744783E-5, 4.711655E-6)"
MACS J0159.8_0849,29.95583333333333,-8.833333333333334,0.407,1.23,0.13,129,RMJ015949.3-084958.9,29.95555555246912,-8.833034764060354,0.40813944,0.012372703,167.77843,8.655152,1.1930909,0.4052182,1237670956790644941,0.0,0.0,19.939491,0.1360688,19.229939,0.025702704,17.815756,0.012346541,17.180397,0.01042276,16.807058,0.028954698,102.93886,"(0.9989383, 0.0010405155, 2.0229461E-5, 6.2632705E-7, 3.9697662E-7)","(29.955555, 29.994186, 29.962471, 29.993633, 29.944187)","(-8.8330345, -8.826889, -8.819599, -8.8352785, -8.841026)","(44913646, 44913643, 44913749, 44913642, 44913714)","(0.34273946, 0.34927946, 0.35581946, 0.36235946, 0.36889946, 0.37543944, 0.38197944, 0.38851944, 0.39505944, 0.40159944, 0.40813944, 0.41467944, 0.42121944, 0.42775944, 0.43429944, 0.44083944, 0.44737944, 0.45391944, 0.46045944, 0.46699944, 0.47353938)","(1.8539147E-4, 0.0015766623, 0.010390006, 0.06150426, 0.2980787, 1.1782116, 3.7309191, 9.063921, 17.976517, 27.563065, 32.268173, 28.471697, 18.690117, 9.332126, 3.3040483, 0.838627, 0.15102252, 0.019125288, 0.0018765016, 1.168022E-4, 5.0218814E-6)"
MACS J2228.5+2036,337.1366666666667,20.620833333333334,0.411,1.68,0.21,182,RMJ222826.8+203852.4,337.1114998738553,20.647893874626618,0.38904276,0.013778814,121.12871,6.694283,1.1387718,0.40751082,1237680298882433414,0.0,0.0,23.127993,1.5808467,20.921925,0.08502514,19.005835,0.02599161,18.378098,0.023575008,18.002172,0.058615264,68.55221,"(0.68057686, 0.12857558, 0.10235407, 0.062172696, 0.026320787)","(337.1115, 337.13602, 337.13898, 337.10785, 337.11633)","(20.647894, 20.62673, 20.624939, 20.616379, 20.664745)","(56882942, 56883063, 56883062, 56882908, 56882913)","(0.31935188, 0.32632098, 0.33329004, 0.34025913, 0.34722823, 0.3541973, 0.3611664, 0.36813548, 0.37510455, 0.38207364, 0.38904274, 0.39601183, 0.4029809, 0.40995, 0.41691905, 0.42388815, 0.43085724, 0.43782634, 0.44479543, 0.45176452, 0.45873356)","(7.5601187E-4, 0.004824843, 0.027375238, 0.123970464, 0.47537303, 1.5876848, 4.258622, 9.442745, 17.104458, 25.16262, 28.893387, 25.803896, 17.583559, 8.755503, 3.25562, 0.8710035, 0.16415532, 0.019881884, 0.0017217315, 9.859045E-5, 3.294409E-6)"
MACS J2243.3_0935,340.8391666666667,-9.595277777777778,0.447,1.98,0.24,8,RMJ224319.8-093530.9,340.8324758379939,-9.59192010688129,0.44101727,0.010646141,299.45935,14.5537815,1.4625192,0.439285,1237652599036837935,0.0,0.0,24.837822,3.236911,21.96985,0.2568467,19.831049,0.04618296,19.044172,0.032100048,18.692139,0.084110074,162.23651,"(0.99719954, 0.0010511221, 7.363752E-4, 6.400875E-4, 3.7297435E-4)","(340.8325, 340.85834, 340.8193, 340.83633, 340.83878)","(-9.59192, -9.581318, -9.593598, -9.588584, -9.586399)","(4267619, 4267756, 4267695, 4267718, 4267717)","(0.38170207, 0.3876336, 0.39356512, 0.39949661, 0.40542814, 0.41135967, 0.4172912, 0.42322272, 0.42915422, 0.43508574, 0.44101727, 0.44694877, 0.45288032, 0.45881182, 0.46474338, 0.47067487, 0.47660637, 0.48253793, 0.48846942, 0.49440098, 0.5003325)","(1.1037916E-5, 1.6463005E-4, 0.00214665, 0.021073101, 0.14146093, 0.7803384, 3.1756365, 9.063449, 20.048141, 31.785772, 37.67878, 32.322094, 20.639612, 9.370597, 3.069348, 0.7828643, 0.13577299, 0.018946793, 0.0017505483, 1.1764602E-4, 6.7113483E-6)"
MACS J2311.5+0338,347.89708333333334,3.640277777777778,0.305,1.98,0.42,41,RMJ231134.0+033611.0,347.8917423292212,3.6030650951529175,0.3047284,0.012518279,20.033995,3.873894,0.99581647,-1.0,1237678598622085146,0.0,0.0,21.051867,0.2519243,20.25821,0.040663775,19.043938,0.020422095,18.571917,0.019953026,18.246845,0.05221738,12.76816,"(0.8729703, 0.047246817, 0.027862335, 0.02699732, 0.024923189)","(347.89175, 347.85876, 347.87857, 347.86258, 347.88672)","(3.603065, 3.6565983, 3.6263278, 3.6287374, 3.6182911)","(48366896, 52328994, 48366905, 48366577, 48366921)","(0.22361965, 0.23173054, 0.23984142, 0.24795227, 0.25606316, 0.26417404, 0.27228487, 0.28039575, 0.28850663, 0.2966175, 0.3047284, 0.31283927, 0.32095015, 0.32906103, 0.33717185, 0.34528273, 0.3533936, 0.3615045, 0.36961538, 0.37772626, 0.38583714)","(4.6145653E-11, 1.3045309E-8, 1.9186275E-6, 1.3347642E-4, 0.0046039773, 0.08224879, 0.79333806, 4.3013086, 13.352329, 25.998274, 31.925486, 25.695051, 14.077824, 5.4197454, 1.5086542, 0.32496214, 0.051738296, 0.0064706174, 6.524063E-4, 5.4360517E-5, 3.8235426E-6)"
